Candy Crush Soda Saga,"The first Friday of 2020!! Treat yourself to all-new levels, out now!! ğŸ‰ğŸ‰",2020-01-03 18:00:01,589
Rebekah Demary,"My avatar is on the correct level but when I try to play it, the game will not open up.  I have complained about this already.  Tired of having to go out and come back in again.  Should work everytime I log in to play.",2020-01-05 06:30:26,0
Ed Swienc,"On level 4120. It would be nice if the company can keep up and roll out more levels consistently. Wondering who is running the show overthere? Give some overtime to the staff, make it happen.",2020-01-05 03:22:34,1
Debbie Graham,Not sure what has happened to this game.  I use to find it relaxing and I would win some of the races.  Now all of a sudden I can't seem to beat a game after playing it for many days.  On level 2370.  Something has really changed and it is frustrating.  Ready to dump it since it is not relaxing anymore.,2020-01-05 00:28:10,1
Jm T Matus,The game is NOT working right....getting ready to sink it soon!,2020-01-05 00:56:05,1
Victoria Brown,My level is 1266 itâ€™s a super hard level I canâ€™t get the bears my mom told me I can do it,2020-01-04 23:24:05,0
Barbara Wiegand,Only on level 1346 Happy New Year to all fellow players xx,2020-01-03 20:11:58,2
Anne Marie A. Lumapas,Happy new year.ğŸ˜ŠğŸ˜Š,2020-01-04 10:41:56,0
Laura I. Neyman Johnson,Happy New Year!! New levels?? I can't even beat easy levels like 1808!! Lol,2020-01-03 18:30:00,0
Fisher Lisa,2161 on soda saga happy new year all,2020-01-04 04:37:06,0
Marie Andree Fayolle,"il me faudrait dÃ©jÃ  atteindre les 3100, mais Ã§a vient, Ã§a vient, merci aux crÃ©ateurs pour  toutes ces bonnes heures de jeux",2020-01-03 18:49:55,1
Cynthia W. Frey,Can you folks fix you servers? Cause I am tired of the game stating that I am not connected to the internet when I am. Thank you.,2020-01-03 21:26:15,4
Dhorom Sing Kro,Happy New Year !!!New levels ??My level 1401 ğŸ˜˜ğŸ˜˜ğŸ˜˜,2020-01-03 18:56:18,0
Sunita Malhotra,Happy new year to all my friends and candy crush soda sags,2020-01-03 19:11:41,1
Sidana Sidana,"Happy new year, level 5100.",2020-01-03 18:48:38,3
Chantou Rigaud,Happy new year ğŸ¥³ğŸ¾ğŸ¥³,2020-01-03 22:56:56,0
Josiane Namur,Remettez nous le troll  bubble-gum ce serait super merci,2020-01-03 20:30:28,0
Francing Veloso,Happy New Year!,2020-01-04 10:33:37,0
Richard D. R. Naldoza,"Hapi new year,, 9180 levels",2020-01-03 18:57:52,1
ĞŸĞ»Ğ°Ğ¼ĞµĞ½ Ğ›ĞµĞ½ĞºĞ¾Ğ² ĞšÑ€ÑŠÑÑ‚ĞµĞ²,Level 4180 complete!,2020-01-03 23:32:54,2
Lilian Planas,"Yes, so delicious",2020-01-03 19:02:13,0
Claudine Ebersviller,Plus moyens de jouer aux jeux king!!!â˜¹ï¸â˜¹ï¸â˜¹ï¸,2020-01-04 19:35:14,0
Marsha Mount,mine loads and freezes..  ..  cannot play  :( :( :(,2020-01-04 07:19:45,1
MarJan Fiets,Happy new year,2020-01-03 18:01:27,0
Daphine Woody,I was on level 2042..idk wat happened had to start from the beginning #1 again..,2020-01-04 03:33:38,0
Francoise Weyland,BloquÃ©  je ne gagne plus bonne annÃ©e 2020,2020-01-03 18:02:55,0
Keller Iza,", oui donnez nous des lingots ou des heures de vies ce serait cool pr commencer l'annÃ©e 2020 lol",2020-01-03 18:24:51,2
Ursula Ernst,My Level is  2234....,2020-01-04 10:54:14,0
Christine Loyaklun Vidot,Stuck hereğŸ¤ª,2020-01-03 23:19:51,0
Stella Lodico,Happy New year,2020-01-03 19:05:01,0
Monmon Mohamed,Happy new year,2020-01-03 18:51:12,0
Samaj Jay R Nopes,My level is 2273,2020-01-03 21:41:45,0
Jean Marc Fayolle,"je voudrais bien, mais je peux point",2020-01-03 18:55:29,0
Wai Yan Htet,Happy new year,2020-01-03 20:14:49,0
Valerie Maison,Donnez nous des heures de jeux gratuites svp hihi,2020-01-03 18:10:58,0
Rena Boone Jones,Where is bgh??,2020-01-04 09:44:02,1
Christiane Toutoune,Bien je le veux,2020-01-03 21:47:18,0
Vikash Doshi,IMAGE/GIF,2020-01-05 08:41:01,0
Rita Pugliano Hawes,anyone have issues getting into these games?,2020-01-04 23:59:04,0
Claudia Nicholas,Let's go,2020-01-04 23:34:41,0
Sherry Organ,1765 here,2020-01-04 04:13:01,0
Kayla Moore,is the game down ?,2020-01-04 08:10:35,0
Dave Wood,why do they make them to hard,2020-01-03 20:29:13,0
Zuzana HÃ¡jkovÃ¡,Å Å¥astnÃ½  novÃ½  rok...levels ..saga 2640..soda  2780,2020-01-03 19:01:00,0
Mavi Mavi,IMAGE/GIF,2020-01-03 18:17:44,2
Massu Kaddi,Add me new player,2020-01-04 02:11:03,0
Soledad Hisole,nice,2020-01-04 19:45:52,0
Tchwing Tchwing Mass,encore et toujours c est erreur de merde quand je veut connecter a la place de dire nous essayons de les corriger alors faite le a la place de chaque fois le marquer bande de nul,2020-01-03 22:27:16,0
Patricia Cadet,Jouer,2020-01-03 19:20:11,0
Huyá»n Vi,Happy new year 2744,2020-01-03 19:09:41,0
Julie Stubbins,"Happy new year,  stuck on 1693. ğŸ˜•",2020-01-03 18:11:01,1
Carol Mandili,Happy new year ğŸ˜€ğŸ‰ğŸ‰Level 1134,2020-01-03 20:24:40,0
Chi-Chi Idika,Happy new year loveliesğŸ‰Level 706ğŸ’ƒ ğŸ˜˜ğŸ˜˜ğŸ˜˜,2020-01-03 18:09:13,0
Beatriz Correche,IMAGE/GIF,2020-01-04 00:01:45,0
Aida Suchowolski,IMAGE/GIF,2020-01-03 18:04:41,0
Judith SÃ nchez Luna,IMAGE/GIF,2020-01-04 08:28:05,0
Monmon Mohamed,IMAGE/GIF,2020-01-03 18:50:50,0
Nancy Baldwin,1891,2020-01-04 15:42:08,0
Arman Emad,3170,2020-01-04 23:52:18,0
Anna NagynÃ© Keresztes,IMAGE/GIF,2020-01-03 19:11:20,0
Mandelina Lina,2443,2020-01-04 00:36:27,0
Sandra Houmeau,IMAGE/GIF,2020-01-04 11:04:26,0
Steffi Falbo,Drecksspiel,2020-01-03 23:47:55,0
Andi Volpino,Ed Swienc Right? How is it computer players have 60 more levels than device players?,2020-01-05 03:28:44,0
Tamara Zuffelato,Debbie Graham I feel the same!,2020-01-05 04:28:08,0
Brian Asbil,Barbara I forgot the lvl I'm at . Now i have to check lol,2020-01-03 22:23:53,0
Chris M Stotts,Barbara Wiegand level 1443 here!!,2020-01-04 21:32:46,0
Mohammed Hokkani,Sidana Sidana,2020-01-03 18:49:44,0
Rena Boone Jones,Wasted my daily log in booster.  Its always on midnight my time Friday. Not happy,2020-01-04 10:26:27,0
Mohammed Hokkani,Julie Stubbins,2020-01-03 18:50:04,0
,,,
Candy Crush Soda Saga,The countdown is on! We're wishing you a very Happy New Year! ğŸ¬,2019-12-31 18:00:00,946
Dora Kirby,Wishing you the same.11 hours left here in the UK,2019-12-31 18:05:59,1
Claudia Nicholas,Thanks for all the hard work you put into each level.,2020-01-01 04:41:03,0
Thelma Miller,Thank you and Happy New Year to all of you.  Love the game,2019-12-31 21:04:43,0
Christine Loyaklun Vidot,Happy new year ğŸ’,2019-12-31 18:19:16,0
Mary Naismith,"Happy New Year to all of you at Candy Crush and as they say in Scotland ""Lang mae yer lum reek!""  Have a great time everyone xxxx",2019-12-31 19:37:47,1
Chandi Chandis,IMAGE/GIF,2020-01-01 12:05:38,0
Lisa Martin,Happy New Year!ğŸ‰ğŸ¾ğŸ¥‚,2019-12-31 19:32:53,0
Netta Brothers,Happy new year's ğŸ˜€ğŸ˜ğŸ‰,2019-12-31 23:30:15,0
Cathy Mack,Happy New Year! Maybe a extra day of Bubblegum Hill for those of us staying in? ;),2019-12-31 21:20:26,1
Dennis Smith,then why can i not play it on facebook  through firefox,2019-12-31 20:26:17,0
Dara Sun,Happy New Year ğŸŠğŸ‰ğŸˆ,2019-12-31 18:48:07,0
Elly Nick,Happy new year!,2019-12-31 18:13:01,0
Rose Galapon,Happy New year,2019-12-31 21:02:34,0
Joy Marie C Gargantilla,Happy new yearğŸ¾ğŸ‰â¤,2019-12-31 19:39:46,0
Kat Tapsco,Happy New Year!,2019-12-31 18:32:29,0
Chi-Chi Idika,Happy new yearğŸ‰ğŸ’ƒğŸ’ƒğŸ˜˜,2019-12-31 19:30:55,1
Julie Stubbins,Happy new year 2020! ğŸ‰,2020-01-01 03:16:19,0
Toni Johnson,Happy New Year!,2019-12-31 20:27:28,0
Janet Murphy,Happy new year Still a few hours till 2020,2019-12-31 20:11:30,1
Diane Dempsey,Happy New Year,2019-12-31 22:12:17,0
Linda Clark,Happy New Year,2019-12-31 18:58:10,0
BÃ¹i HÃ  Minh,Happy new year..,2019-12-31 21:20:29,0
Rob Groeneveld,From Holland,2020-01-01 01:28:46,0
Gee Thompson,Happy New Year,2019-12-31 19:28:16,0
Emilia Legacy,Happy New Year ğŸ¥‚ğŸ¾,2019-12-31 18:40:06,0
Lydiana Josie Joe,Happy New year...ğŸ‰ğŸ‰ğŸ‰,2020-01-01 01:31:19,0
Francing Veloso,Happy New Year!,2019-12-31 18:33:23,0
Neha Kochhar,Happy New Year,2019-12-31 19:53:15,1
Mary Bartyzal,Happy New Year !!!,2020-01-01 03:53:46,1
Arif Ur Rahaman,Happy New Year ğŸ‰ğŸŠ,2019-12-31 19:49:39,0
Kim Moss,Happy new year,2019-12-31 23:23:06,0
Mihaela Mihaela,Happy New Year !,2020-01-01 07:59:30,1
Elvira Reinelt,Happy New Year,2019-12-31 21:20:24,0
Gary N Lynda Behrens,Happy New Year,2019-12-31 19:18:45,0
Karen Louise Elva Corles,Happy new year,2019-12-31 22:41:26,0
Bonnie Lam,Happy New Year,2019-12-31 19:48:27,0
Mario Chateauvert,Happy new year,2019-12-31 19:10:45,0
Connie Jo McGann Kaehler,Happy New year,2019-12-31 18:16:22,2
Ø¹ÙˆØ§Ø·Ù Ø¹Ø¨Ø¯,Happy New Year for you and evry One,2019-12-31 23:38:57,1
Elba Rosales,"Feliz aÃ±o Nuevo, a todos los fanÃ¡ticos de Candy.",2019-12-31 19:55:12,0
Else Marie Nielsen,Takk det samme til dere.,2019-12-31 18:10:34,0
Kim Murdock,Not happy with them. I have not been able to play my game for months now. The rest of my candy crush games are fine but this one won't let me.,2019-12-31 19:02:08,0
MÃ¡lis Marika,B.Ãº.Ã©.k. SegÃ­ts. 2968- nagyon nehÃ©z.,2020-01-04 17:57:05,0
Tráº§n An,3 hours left in Vietnam!,2019-12-31 18:02:31,0
Alex Pdra,Si Muchas felicidades tambiÃ©n,2019-12-31 23:13:37,0
Nazan GÃ¼nay,Nice senelere.ğŸ¥‚,2019-12-31 18:43:04,0
Ruth McKinley,Thank you Have a great new year,2020-01-03 01:26:55,0
Ewa Å»muda-Trzebiatowska,Happy New Year,2019-12-31 18:47:55,0
Theodore Johnson Jr.,Happy New Year.,2019-12-31 20:01:29,0
Judith SÃ nchez Luna,Feliz aÃ±o a todo el equipo de Candy Crush Soda Candy Crush Friends SagağŸ¥³ğŸ¥³ğŸ¥³ğŸ¥³ğŸ¥³ğŸ¥³ğŸ¥‚ğŸ¥‚ğŸ¥‚ğŸ¥‚ğŸ¥‚,2020-01-01 09:03:20,0
Gail Weiner,Happy New Year!,2019-12-31 18:39:59,0
Krystyna Adamczak,DziÄ™kujÄ™ wzajemnie ğŸ†ğŸ‰ğŸ‡ğŸ™‚,2020-01-01 13:00:28,0
Emily J. Chavez,Happy New year's !!!,2020-01-01 07:53:30,0
Ong Ahyip,Happy New year ğŸ’,2020-01-01 08:17:52,1
Sahar Sheikhalsroujieh,Happy new year,2019-12-31 19:33:02,0
Barbie Davis,Happy New Year's to you all,2020-01-02 07:22:28,0
Reyes Gimeno Martin,Feliz AÃ±o nuevo ğŸŠ,2020-01-01 01:50:21,0
Jacqueline Morillon,Bonne annee,2020-01-01 11:39:57,0
Uzma Zafar Ali,Happy new year,2019-12-31 20:56:18,0
Josefina GarcÃ­a Bello,Feliz aÃ±o nuevo!!!!,2019-12-31 18:54:03,0
Benedict Dehinbo,Happy new year,2019-12-31 18:58:23,0
Maria Inmaculada Contioso Dominguez,Feliz aÃ±o nuevo,2019-12-31 18:10:34,0
Aida Suchowolski,FELIZ AÃ‘O 2020,2019-12-31 18:02:26,0
Jessica Brent,Happy New Year,2020-01-03 21:41:13,0
Michael Curtis,Hi happy New year â˜ºâ˜ºâ˜º,2019-12-31 18:51:47,0
Nirmal Patra,Happy new year 2020,2020-01-01 05:04:39,0
Preeti Srivastava,Wish u the same,2019-12-31 19:05:08,0
Subhasish Maity,Happy new year 2020,2019-12-31 19:00:40,0
Melanie Band,Frohes neues Jahr,2020-01-01 12:07:40,0
Fran Ferlante Petrucelli,AÃªeeeeeee,2019-12-31 20:12:52,0
MarJan Fiets,Happynew yearrrrrr,2019-12-31 18:12:50,0
Nika NagynÃ©,B.Ãš.Ã‰.K !ğŸ¸ğŸ¾ğŸ¸,2019-12-31 20:39:12,0
Î‘Î¹ÎºÎ±Ï„ÎµÏÎ¯Î½Î· ÎšÎ¿Î½Ï„Î¿ÎºÏÏƒÏ„Î±,Î•Ï…Ï„Ï…Ï‡Î¹ÏƒÎ¼Î­Î½Î¿ Ï„Î¿ Î½Î­Î¿ Î­Ï„Î¿Ï‚.,2019-12-31 18:30:18,0
Winnie Ho,plz add me,2019-12-31 19:05:35,0
Katie Blackmore,How are you today love Katie,2020-01-01 20:00:23,0
Marlene Anderson,Everyone,2019-12-31 18:43:55,0
Louise Moses,Merci,2019-12-31 18:33:43,0
ĞĞ¸ĞºĞ¸ Ğ¥Ñ€Ğ¸ÑÑ‚Ğ¾ÑĞºĞ¾Ğ²,Happy New Year,2019-12-31 23:17:51,0
Anil Soni,Mean hu king,2019-12-31 20:17:09,0
Mustafa HÄ±dÄ±r,Ad mee,2019-12-31 18:38:35,0
Irene Nacci,Tantissimi auguri a tutti voi,2019-12-31 21:39:32,0
Carrie White,Thought the message said â€˜Gayâ€™ not Yay...Still nice thought eh..?,2019-12-31 21:28:22,0
Beatriz Correche,IMAGE/GIF,2019-12-31 18:51:30,0
Ghadeer N Mitwalli,IMAGE/GIF,2019-12-31 18:11:09,0
Hajni Szekeres,IMAGE/GIF,2019-12-31 18:00:40,0
Sabine Wiese,IMAGE/GIF,2019-12-31 19:10:16,0
äºè‘³,IMAGE/GIF,2019-12-31 18:03:22,0
Daniel Ocechap,IMAGE/GIF,2019-12-31 18:13:28,0
Verena Rott,IMAGE/GIF,2020-01-02 00:49:08,0
Lilian Chevalier,Thank you Happy New Year 2020.,2019-12-31 19:32:44,0
Kurien Hilda,Wishing Dora a Happy New Year,2019-12-31 21:20:34,0
Louise Goff,Happy New Year 2020 to all xo,2019-12-31 22:18:16,0
Ijeoma Emerald Emesaraonye,Happy new year sodalicious group,2019-12-31 19:44:23,0
Diana O'neal-Vines,IMAGE/GIF,2019-12-31 19:07:01,0
Andrea Kovacs,IMAGE/GIF,2019-12-31 18:32:52,0
Aida Suchowolski,IMAGE/GIF,2019-12-31 18:02:48,0
Mina Dijkhuizen,IMAGE/GIF,2019-12-31 18:49:25,0
Jenny Beets,IMAGE/GIF,2019-12-31 18:02:20,1
Candy Crush Soda Saga,Check here if you have issues with the game:http://to.king.com/jRHP,2020-01-02 19:40:11,0
,,,
Candy Crush Soda Saga,What's more exciting than a new level release? A TRIPLE new levels release!!  Enjoy 3X the amount of levels today! Play them now... ğŸ‰ğŸ‰ğŸ‰,2019-12-27 18:00:03,593
à¸™à¸§à¸¢à¸™à¸²à¸£à¸– à¸­à¸£à¸´à¸¢à¸§à¸‡à¸¨à¹Œ,I like this game very much ğŸ‘ğŸ‘ğŸ‘,2019-12-29 04:37:38,3
Sandra Tansley,Was wondering why the game will not play on facebook. It will load and when I go to the level I want to play it stalls.,2020-01-02 06:29:05,0
ĞŸĞ»Ğ°Ğ¼ĞµĞ½ Ğ›ĞµĞ½ĞºĞ¾Ğ² ĞšÑ€ÑŠÑÑ‚ĞµĞ²,Level 4150 complete!,2019-12-29 18:22:37,2
Terri Myers,I love candy crush,2019-12-29 05:43:58,1
Phillip Shelley,They cant even play the game fair so wouldnt play no more from king and i certainly wouldnt buy anything poor customer service,2019-12-27 19:06:47,2
Ø¹ÙˆØ§Ø·Ù Ø¹Ø¨Ø¯,4023  it is nice,2019-12-28 00:13:10,2
Sunita Malhotra,Donâ€™t give bubblegum hills so late I wait for it from morning but it is coming in afternoon please send it early so that I can enjoy in better way,2019-12-27 20:04:38,2
Helena HÃ¤ggmark,Please fix the internetconnection problem..My game does not connect. Full wi-fi so thatâ€™s not the problem. â€¦See more,2020-01-01 19:08:24,0
Diana Mcollin,I would like to play that game,2019-12-27 18:56:33,1
Thierry Cl,Daily quests band of rats! Merry Christmas,2019-12-27 20:40:08,1
AgnesandBrian Hetsler Shropshall,Why why why does it take so long for yous to load the games ?????,2020-01-02 15:21:28,0
Aimee Harper Ross,"I'm not getting the daily Mr. Toffee prizes on my tablet, only on my phone.  Please fix this!",2019-12-29 02:27:31,0
Jean Marc Fayolle,"dommage qu'on ne puisse pas voir Ã  quoi Ã§a ressemble, hate d'y etre",2019-12-28 19:01:41,0
Connie Strauss Burroughs,They lost all my Facebook friends on Candy Crush Soda.  Why would I invest further in a game that changes things with no explanation?  Done!,2019-12-27 20:05:01,1
Pearl Thompson,They keep taking away my days.3xthis month. I know I logged  on each dayğŸ˜«,2019-12-27 20:34:48,1
Marie Andree Fayolle,"je ne suis pas encore aux nouveaux niveaux, mais peut-etre l'annÃ©e prochaine",2019-12-27 19:27:11,0
Mohan Das,Dear sir pig bank full how to use,2019-12-29 15:14:19,0
Judith SÃ nchez Luna,Muchas felic idades a Candy Crush Soda por su nuevos niveles auque a mi me falte mucho para llegar a ellos,2019-12-28 08:18:53,1
Noor Sham,4120 done,2020-01-03 17:18:03,0
Lili Tanasuica,IMAGE/GIF,2019-12-27 18:05:09,1
Kathryn Balsinger,What IS the highest level right now?,2019-12-27 22:30:41,0
Kashif Fida,Perfect,2019-12-27 21:40:50,0
Jeanne Chichi,pourquoi ne peut-on plus avoir le cadeau sur les tablettes ni sur Windows ?,2019-12-27 20:22:04,0
Kristy Stout Good,stop being so stingy with the boosters,2019-12-27 22:27:52,1
Johnanderson Obra,My one of my Favourite games in my FB.. â¤,2019-12-27 18:55:26,1
Darlene Weaver,WAS PLAIN THIS GAME AND NOW YOU ALL DONE SOMETHING TO THE Game Moms,2019-12-28 18:28:25,1
Mohan Das,Dear sir how get money earn for Candy crash saga game,2019-12-29 15:15:57,0
Walter AdriÃ¡n PÃ©rez,IMAGE/GIF,2019-12-30 16:44:44,0
Nguyá»…n LÃ½,IMAGE/GIF,2019-12-27 18:04:23,0
Barbara Faure,je ne peux toujours pas jouer,2019-12-27 21:45:41,0
Alejandro Davila,Que pasa con el nivel 2226. Llevo 5 dÃ­as.,2019-12-30 23:30:46,0
Jes Sica,Xhxhkblo,2020-01-03 03:02:11,0
Rajan Ji,IMAGE/GIF,2019-12-28 16:35:52,0
Paquita Panosa Avellana,"Hace tres dias que no puedo entrar, no podre disfrutar de estos niveles",2019-12-28 14:59:39,0
Aida Suchowolski,IMAGE/GIF,2019-12-27 18:02:34,0
Alejandro Davila,IMAGE/GIF,2019-12-30 23:31:33,0
Cry Cry,IMAGE/GIF,2019-12-28 07:42:52,0
Justita Virrey Abenia,I played it every day ğŸ’œğŸ’œğŸ’œ,2020-01-03 16:55:26,1
Tony van Ekert,HA ha,2019-12-29 11:44:12,0
Alejandro Davila,IMAGE/GIF,2019-12-30 23:32:08,0
Beatriz Correche,IMAGE/GIF,2019-12-29 05:49:14,1
Tchwing Tchwing Mass,sa fait 3 jours que j arrive pas a me connecter sa me dit toujours ses erreur de merde je vais le virer se jeu de merde,2020-01-01 14:05:20,0
Mustafa HÄ±dÄ±r,Ad mee,2019-12-31 18:38:16,0
Candy Crush Soda Saga,Sodalicious!,2019-12-30 12:50:13,0
Sandra Tansley,did as was suggested and still having issues. I am now assuming that it is something that is on your end. My html tested at 490.,2020-01-03 04:12:55,0
Candy Crush Soda Saga,Try the steps on this page to get the game back on track:http://to.king.com/jRHP,2020-01-02 19:59:41,0
Candy Crush Soda Saga,Wow! Congrats,2019-12-30 12:50:22,0
Candy Crush Soda Saga,We love you too!,2019-12-30 12:50:42,0
Billie Davis Agyekum,Phillip Shelley I would like to say i understand you because when I started playing this game I also had that same idea backing the making of their levels. Later did I realise that some levels donâ€™t just exist. Every move counts. Some youâ€™ll have to make in-depth thoughtsğŸ˜‚ğŸ˜‚ğŸ˜‚. Very annoying but will make you proceed to the next level. I just canâ€™t stop playing this game and you should try my method. Youâ€™ll love it,2019-12-27 19:15:54,1
Phillip Shelley,Billie Davis Agyekum ok so why wount it let me use my lollys i have got a lot of them customer service wount tell me why,2019-12-27 19:18:44,0
Candy Crush Soda Saga,ğŸ¥°,2019-12-30 12:50:48,1
Candy Crush Soda Saga,Give it a go!!,2019-12-30 12:50:59,1
Teri Sanders,Pearl Thompson Frustrating!! Itâ€™s bad enough when you donâ€™t play everyday and it goes back to â€œday 1â€.,2019-12-27 21:52:08,0
Edna Kendrick,"Pearl Thompson I know what you mean. I was in the later 200th day. Got my bonus that night, played next morning then at lunch then when I went to bed and played again it reset to  day 1. I was pissed",2019-12-28 00:44:20,1
Pearl Thompson,I was st 600,2019-12-28 01:00:43,0
Candy Crush Soda Saga,"To claim the Gold Bars from the Piggy Bank, click on it and then purchase the Gold Bars through the buy button where the price is displayed.http://to.king.com/YBBW",2020-01-02 12:12:21,0
Candy Crush Soda Saga,ğŸ¥°ğŸ¥°,2019-12-30 12:50:37,0
,,,
Candy Crush Soda Saga,"Happy Holidays, from us to you! We hope they are as Sodalicious as you are! âœ¨âœ¨",2019-12-25 14:00:00,843
Ligaya Sangalang,Happy holidays! ğŸ˜€â¤ï¸,2019-12-25 15:47:07,2
Sue Gleason,Merry Christmas  I don't say happy holidays its more than just a holiday its the birth of our lord and savior Jesus Christ,2019-12-27 19:58:49,1
Jeanne Chichi,"il faudrait rÃ©parer le jeu, on nesait plus avoir son cadeau depuis plus d'une semaine !! merci et meilleurs voeux",2019-12-26 11:13:28,0
Len Batungbakal,Happy holidays,2019-12-25 15:24:17,0
Netty van Rossum,Kerry christmas and a happy new hear to evert body.,2019-12-25 14:18:30,0
Carole Fredette Plante,Joyeux NoÃ«l et bonne annÃ©e Ã  vous tous,2019-12-25 16:29:39,0
Mohammed Ershad,Happy  holidays,2019-12-25 15:48:29,1
Klaus Brendel,Happy Holidays . ğŸ‘ğŸ˜‰ğŸ˜€,2019-12-27 02:10:21,0
Marie Andree Fayolle,trÃ¨s bonnes fetes de fin  d'annÃ©e Ã  tous et bons jeux,2019-12-25 15:20:41,0
Lindy Caddy,Merry Christmas ğŸ„,2019-12-26 15:24:41,0
Roberte Villanueva,JOyeux Noel et Bonne annÃ©e . Votre jeu me permet de combler ma solitude . ' 78 ans ) J'adore  ğŸ˜½ğŸ˜½ğŸ˜½ğŸ˜½â¤ï¸â¤ï¸â¤ï¸â¤ï¸,2019-12-26 12:05:24,1
Yakout Yakot,Happy holidays,2019-12-26 06:16:57,0
Shabba Don,Happy holidays,2019-12-26 21:38:46,0
Nina Kleeman-Hoare,Happy holidays,2019-12-28 04:31:16,1
Î¹Ï‰Î±Î½Î½Î·Ï‚ Î”Î¿Î¹ÎºÎ±Ï‚,Happy Christmas and happy new year,2019-12-25 14:40:56,0
Tamara Zuffelato,MERRY CHRISTMAS!!!!!,2019-12-26 02:51:01,1
Simy Simona,Merry Christmas!!!,2019-12-25 14:33:12,0
Yelahanka Prabhu,What move can we do,2019-12-29 11:13:43,0
Lindall Upcroft,MERRY CHRISTMAS !!!,2019-12-26 07:53:42,0
Karen Crable,Merry Christmas!!,2019-12-25 15:21:46,0
Milly Daniel Wonderz,Merry Christmas,2019-12-25 14:06:32,0
MarJan Fiets,Merry christmas,2019-12-25 14:49:40,0
Indu Agarwal,Merry Christmas,2019-12-25 15:02:06,0
Doris Zamudio,"FELIZ NAVIDAD para todos Uds, tambiÃ©n. ğŸ˜ŠğŸ˜ŠğŸ˜ŠğŸ˜Š",2019-12-26 01:18:03,0
Arif Ur Rahaman,Merry Christmas,2019-12-25 15:12:40,0
Jean Marc Fayolle,bonnes vacances Ã  tous,2019-12-25 16:50:03,0
Ken Chiu Yu,Merry Christmas,2019-12-25 21:19:46,0
SaulÄ— SaulutÄ—,Merry Christmas to you and all my Facebook friends,2019-12-25 16:19:30,0
Karen Louise Elva Corles,Merry xmas,2019-12-25 21:04:17,0
Elly Nick,Merry Christmas!,2019-12-25 14:03:54,0
AndrÃ©e Legrand,Un joyeux noÃ«l,2019-12-25 15:23:24,0
Nouman Chouhan,#Hello friend's#,2019-12-25 14:28:00,0
Sergio Lopez Aguado,Feliz Navidad,2019-12-25 15:16:30,0
Berta Holmes,merry christmas,2019-12-25 20:48:31,0
Gertraud Ipfelkofer,Merry Christmas,2019-12-25 15:21:11,0
Kashif Fida,Perfect,2019-12-26 04:29:34,0
Gail Weiner,Happy Holidays!,2019-12-25 20:14:26,0
Yasmine Khoufache,IMAGE/GIF,2019-12-25 15:58:51,3
Graciela Zucchelli,FELIZ NAVIDAD!!!â¤,2019-12-25 21:49:57,0
Sabine Wiese,IMAGE/GIF,2019-12-25 17:38:46,0
Lili Tanasuica,La mulÈ›i ani,2019-12-25 14:36:33,0
Claudia Nicholas,Thinking about playing the game after dinner.,2019-12-26 05:09:23,0
Mercedes Cy,add me,2019-12-26 21:17:20,0
Shabba Don,Up top level 2155,2019-12-26 21:38:11,0
Walter AdriÃ¡n PÃ©rez,IMAGE/GIF,2019-12-26 01:03:54,2
Glenda Smith,Merry Christmas,2019-12-25 14:59:14,0
Gerda Kohler,U2ğŸ„,2019-12-25 14:39:43,0
Mercedes Cy,necesito vecinos,2019-12-26 21:17:25,0
Alicia Bedoya,Happy holidays,2019-12-25 21:55:45,0
Mustafa HÄ±dÄ±r,Ad mee,2019-12-31 18:39:01,0
Ana Mar,IMAGE/GIF,2019-12-25 17:30:07,1
Vuyelwa Sovasi,You too,2019-12-25 15:59:14,0
Thierry Cl,IMAGE/GIF,2019-12-25 14:46:52,0
Willem Rensen,IMAGE/GIF,2019-12-25 14:20:42,0
Ø¹ÙˆØ§Ø·Ù Ø¹Ø¨Ø¯,IMAGE/GIF,2019-12-28 00:16:03,0
Janet Moreau,Happy holidays,2019-12-26 02:03:57,0
Cynthia Campbell,The same to you.,2019-12-25 14:58:14,0
Carla Bernyce,I'm addicted to this game! Merry Christmas and Happy New Year!,2019-12-30 03:53:54,0
Betty Earls,Merry Christmas and Happy New year to you,2019-12-25 19:48:29,0
Suutei Surenkhuu Bayarsaikhan,Merry Christmas and Happy New 2020 Year! ğŸŒ²ğŸ’ğŸŒ²,2019-12-26 01:20:52,0
Ø¹ÙˆØ§Ø·Ù Ø¹Ø¨Ø¯,IMAGE/GIF,2019-12-28 00:16:39,0
Siew Fong,IMAGE/GIF,2019-12-25 14:47:28,0
Sandra Hudson,Merry Christmas,2019-12-25 16:01:55,0
Janet Moreau,Happy Holidays,2019-12-27 03:48:09,0
Stephanie Louise Glass,Merry xmas!,2019-12-25 14:01:12,1
Jacqueline Hagens,IMAGE/GIF,2019-12-25 23:48:34,0
Tulbure Iuliana,IMAGE/GIF,2019-12-25 17:52:10,0
Elena Tican,IMAGE/GIF,2019-12-25 17:26:03,0
Nanda Subasinghe,IMAGE/GIF,2019-12-25 15:07:11,0
Daniela Daniela,IMAGE/GIF,2019-12-25 15:02:30,0
Roos Rietra,IMAGE/GIF,2019-12-25 16:52:51,0
Nagy JÃ³zsefnÃ© Piroska,IMAGE/GIF,2019-12-25 16:48:11,0
Vuyelwa Sovasi,IMAGE/GIF,2019-12-25 16:00:20,0
Ineke Muller,Hahaha,2019-12-26 03:53:04,0
Popovici Maria,IMAGE/GIF,2019-12-25 22:07:27,0
Aida Suchowolski,IMAGE/GIF,2019-12-25 17:48:36,0
Monmon Mohamed,IMAGE/GIF,2019-12-25 14:52:56,0
Tudorita Vasile,IMAGE/GIF,2019-12-25 21:50:40,0
Minh Quan,IMAGE/GIF,2019-12-26 14:02:22,0
Simy Simona,IMAGE/GIF,2019-12-25 14:33:32,0
Nguyá»…n LÃ½,ğŸ¤©,2019-12-25 14:15:21,1
Ana Maria Dan,ğŸ„ğŸ„ğŸ„ğŸ„,2019-12-25 14:09:28,0
Doris Zamudio,IMAGE/GIF,2019-12-26 01:18:47,0
Kiana Williams,ğŸ®ğŸ•¹ğŸ…ğŸ¼,2019-12-25 15:08:16,0
Sahar Sheikhalsroujieh,ğŸ‰ğŸŠğŸ„ğŸ†ğŸ§¨ğŸˆğŸƒğŸ,2019-12-26 12:34:18,0
Jaroslava DufkovÃ¡,IMAGE/GIF,2019-12-25 14:52:32,0
Alayna Betchan,IMAGE/GIF,2019-12-25 14:06:17,0
Lili Tanasuica,IMAGE/GIF,2019-12-25 14:36:17,0
Doris Fay Jackson,IMAGE/GIF,2019-12-25 15:59:38,0
Manuela Marek,IMAGE/GIF,2019-12-25 17:22:24,0
Elly Nick,HelloğŸ˜,2019-12-26 21:46:10,0
,,,
Candy Crush Soda Saga,It's a TRIPLE content drop today which means you'll have 3X as many new levels to complete! Enjoy playing them now!ğŸ‰ğŸ™Œ,2019-12-20 18:00:03,602
ĞŸĞ»Ğ°Ğ¼ĞµĞ½ Ğ›ĞµĞ½ĞºĞ¾Ğ² ĞšÑ€ÑŠÑÑ‚ĞµĞ²,New levels done 4091-4120,2019-12-20 23:49:25,7
Krista Juranka Chapman,"I can only go up to level 4045, why are some players up to over level 4200 and I canâ€™t move forward?! So frustrating ğŸ¤¬",2019-12-25 06:20:45,1
Northstar Downuet,IMAGE/GIF,2019-12-20 18:37:31,4
Masoud Salum,Why new update has no option to connect with Facebook ???,2019-12-29 19:50:47,0
Kamalam Kannan,Super â˜º,2019-12-22 12:10:09,1
Emily J. Chavez,I like candy crush soda but I played the race for gold bars and still haven't received nothing from them,2020-01-02 21:16:26,0
Tanya Baron,"3995 SUCKS! I have not complained about a level in a looooooong time, but I have no idea how you reach 320,000 on this level to move on. SO IMPOSSIBLE!",2019-12-27 23:11:29,0
Julie Pertot,Il est trop bien se jeux je suis arrivÃ©e au niveau 64.et je suis la premiÃ¨re,2019-12-23 23:27:05,0
Mohamed Ramadan,IMAGE/GIF,2019-12-20 18:20:54,2
Nam Bpams,New level 4150 done,2019-12-27 15:51:14,1
Walter AdriÃ¡n PÃ©rez,IMAGE/GIF,2019-12-22 00:15:47,3
Olemrac Etrocaled,"Bonsoir j ai effacÃ© mes donnÃ©es du jeu sans faire exprÃ¨s, comment rÃ©cupÃ©rer les bonbons bonus perdu, aidez moi s il vous plait",2019-12-28 23:56:24,0
Laurie Galbreath Dabbs,"Fix game, wonâ€™t let me sign on",2019-12-30 00:51:19,0
Billie Davis Agyekum,Very difficult levels today...was hard to complete them,2019-12-20 18:21:23,4
Monique Gauthier,ont n est pas capable d avoir nos cadeaux de fin de jeu collection fonctionne pas domage ! j adore le jeu jouteuse fete a tous!!!!,2019-12-20 20:45:06,1
Bernadette Clement,un jeu que j'aime beaucoup helas impossible de jouer depuis quelques semaines (donc faites le necessaire lol),2019-12-20 20:11:35,2
Gyulane Ari,nagyon nem sikerÃ¼l a mat nap se,2019-12-20 21:56:11,0
Jean Marc Fayolle,super sympa,2019-12-20 19:37:39,1
Tamara Zuffelato,WHO CARES!!! BRING BACK THE FREEBIES!!!!!!,2019-12-25 07:02:47,4
Thierry Bogard,de petits cadeaux de noel ferait du bien aussi la penser y,2019-12-20 18:05:17,1
Jonathan Emerson,Can some one help me with live can add me,2019-12-25 03:47:48,0
Paula Crincoli Mittica,stuck on 384 for a month at least please go past,2019-12-20 23:13:39,2
Sonali Escrader,Agree very hard levels,2019-12-20 18:57:19,2
Darrell Rodgers,Daily player. Add me please,2019-12-25 17:15:19,0
Faty Tyteca,besoin de voisin,2019-12-20 21:16:55,1
Cynthia Bellia,IMAGE/GIF,2019-12-21 13:32:36,2
Ø¹ÙˆØ§Ø·Ù Ø¹Ø¨Ø¯,IMAGE/GIF,2019-12-24 07:31:09,0
Barbara Faure,impossible de jouer,2019-12-20 21:16:08,0
Marie Andree Fayolle,gÃ©nial,2019-12-20 19:33:05,1
Johnanderson Obra,Mu one of my Favourite games in my. FB,2019-12-21 08:33:41,1
Winwin Richer,Add me pls. Thankyou,2019-12-29 21:35:02,0
Maria De Lourdes Buscarato,Adoro,2019-12-27 19:51:00,0
Mercedes Cy,necesito vecinos,2019-12-20 21:21:00,0
Dijana Jovancevic,add me daily player,2019-12-23 22:40:11,0
Karen Crawford Farrington,Marry Christmas to us!!! Lol thanks!!! âœŒï¸,2019-12-20 23:31:37,0
Andi Volpino,Awesome thanks!,2019-12-22 00:56:58,0
Ã‰liane Lamoureux,Jour de NoÃ«l jâ€™ai gagnÃ© trois parties pas de vie en plus ni jokers la Candy Crush saga viens de mâ€™offrir une heure gratuite  je parle de soda ğŸ¥¤,2019-12-25 18:51:14,0
Valerie Massee,There is no way to get the prizes anymore when you can only tick 2 tiles a day.When I do get a straight line plus other tiles the message now says I ran out of time and get nothing? The bonus game sucks now and is useless.,2019-12-21 02:52:33,1
Lori Prosser,What's the deal with BGH? G this is getting old. I can't get if until it's already been running for 4 to 8 hours every week. Is getting old,2019-12-21 10:32:20,0
Deborah Holt,Still asking the same questions. Let alone you're rigged,2019-12-23 00:25:12,1
Dave Wood,why are they far to hard to do,2019-12-20 18:01:18,2
Lili Tanasuica,Am un nivel cam greu,2019-12-20 20:39:43,0
Ø¹ÙˆØ§Ø·Ù Ø¹Ø¨Ø¯,You are closed my game      . Please opin it,2019-12-24 07:42:49,0
Mona Amani,IMAGE/GIF,2019-12-26 14:14:19,0
Beatriz Correche,IMAGE/GIF,2019-12-20 20:41:13,1
é™³ä½©å›,å¤ªé›£äº†,2019-12-20 18:57:31,0
Amanda Bianchi,IMAGE/GIF,2019-12-24 23:40:56,0
Aida Suchowolski,IMAGE/GIF,2019-12-20 18:03:54,0
Judith SÃ nchez Luna,IMAGE/GIF,2019-12-21 08:27:06,0
Dyl Kingy,can people add me plz to send lifes i send back,2019-12-23 17:17:58,1
Carmen Pesantes,Iâ€™m wondering if anyone is caught up with all soda level?,2019-12-27 01:20:08,0
Debbie McGahey,Where is bubblegum hill,2019-12-24 21:35:58,0
Alejandro Davila,Stuck on 2256. ğŸ˜“,2019-12-20 23:21:52,0
Mercedes Cy,add me,2019-12-20 21:20:52,1
Ãœmit Ã–ner,Add me,2019-12-20 23:47:43,0
VÃ¤Ã±Ã¯ YÃ¶,Done,2019-12-20 19:13:22,0
Ø¹ÙˆØ§Ø·Ù Ø¹Ø¨Ø¯,You are closed my game      . Please opin it,2019-12-24 07:30:47,0
Deborah Holt,Shameful just don't give a hoot how many vids I watch now do you ğŸ™„,2019-12-24 03:50:28,0
Winnie Ho,"plz add me on 542, thx",2019-12-20 19:15:00,2
Arif Ur Rahaman,IMAGE/GIF,2019-12-20 20:11:34,0
Nguyá»…n LÃ½,ğŸ˜®ğŸ˜®ğŸ˜®ğŸ˜®ğŸ˜®,2019-12-21 06:55:46,0
LolitiÅ†a KangÄ«zere,Will you send that sweet sticky Bubblegumhill troll to all of us in this Christmas ? Please ğŸ””ğŸ¤—!,2019-12-23 21:57:19,0
Tien Dung Dang,i stuck at level 1700,2019-12-23 15:02:03,0
Deborah Holt,ğŸ˜ğŸ˜³,2019-12-24 03:51:58,0
Candy Crush Soda Saga,Sodalicious!! Congratulations!,2019-12-23 14:11:48,0
Kers Bee,Same here!!,2019-12-26 02:24:10,2
Deedy Rn Chan,Me too,2019-12-31 13:25:38,0
Tien Dung Dang,play level1700,2019-12-21 16:02:52,1
Deborah Holt,ğŸ™„ğŸ˜–,2019-12-24 03:51:02,0
Aylin Aysun,Comment retirez mon compte Facebook de ce jeu svp,2019-12-29 22:39:24,0
Candy Crush Soda Saga,"Did you have the game saved on Facebook or a King account? If so, simply reconnect to your account and you'll be back on your level. If the game wasn't saved anywhere, please connect it to Facebook or create a King account now, then email to Player Support from the Help Center under the game's Settings so they can move you back to level 1632.",2020-01-02 13:30:07,2
Candy Crush Soda Saga,Yay!!!,2019-12-23 14:11:56,2
Candy Crush Soda Saga,You should still be able to connect to Facebook on the game's start menu.Head over to Community if you need any further help with this:https://community.king.com/en/candy-crush-soda-saga,2020-01-02 18:56:59,0
Candy Crush Soda Saga,ğŸ­ğŸ­ğŸ­,2019-12-23 14:12:13,0
Candy Crush Soda Saga,Amazing!,2019-12-23 14:12:05,1
Deborah Holt,Billie Davis Agyekum They don't care. Keep trying til they let you go on,2019-12-24 03:52:59,1
Billie Davis Agyekum,Deborah Holt Lol...that difficulty also shows its high quality mum...I love this game a lot.  Every move needs a strategy before a level can be completed,2019-12-24 10:19:10,0
Jerome Myles,Jonathan Emerson adding for candy crush,2019-12-25 12:00:10,0
Tien Dung Dang,i stuck at level 1700,2019-12-23 15:02:32,0
Tien Dung Dang,tui lÃ  ngÆ°á»i vnam Ä‘ang á»Ÿ vn nÃ¨,2019-12-23 15:02:39,0
Tien Dung Dang,sorry!i am vietnamese who 've lived in vietnam,2019-12-23 15:03:06,0
Ø¹ÙˆØ§Ø·Ù Ø¹Ø¨Ø¯,You are closed my game      . Please opin it,2019-12-24 07:41:07,0
Candy Crush Soda Saga,ğŸ¥°ğŸ¥°,2019-12-23 14:12:21,0
Tien Dung Dang,play level1700,2019-12-21 16:03:19,0
Julie Stubbins,"Try playing candy crush jelly,  that's the worse CC ever made. Don't get many boosters at all. I'm on level 915, on CC soda I'm stuck on 1666...both played everyday for the last 3 yrs. I just grab the daily booster and don't play if I get stressed on a level. Good luck.",2019-12-22 08:33:10,1
Tien Dung Dang,play level1700,2019-12-21 16:03:10,0
Jerome Myles,Dyl Kingy adding for candy crush,2019-12-25 11:59:19,0
Dyl Kingy,Jerome Myles thanks,2019-12-25 12:08:08,0
Jerome Myles,Mercedes Cy adding for candy crush,2019-12-25 12:02:06,0
Jerome Myles,Ãœmit Ã–ner adding for candy crush,2019-12-25 12:02:33,0
Tien Dung Dang,i stuck at level 1700,2019-12-23 15:03:17,0
Tien Dung Dang,tui lÃ  ngÆ°á»i vnam Ä‘ang á»Ÿ vn nÃ¨,2019-12-23 15:03:26,0
,,,
Candy Crush Soda Saga,"Not only are we celebrating new levels, but we're also celebrating hitting level 4000!  Have you reached this level yet?! ğŸ‰ğŸ¬",2019-12-13 18:00:04,634
Lala Vega,The Game has not allow me to open my level... I can open level 1...  Im in level 1333...   It's been a week..  this happens every other week.  Fixing the Glitches.   I like the game.. But it sucks,2019-12-27 21:50:12,0
Norma Strange,Unfortunately when I got a new phone. I had to start over again because it wouldn't transferred my data on the level I was on.,2019-12-18 02:18:06,0
Candy Crush Soda Saga,"If the game starts at level 1 even though you are higher up in the game, please click on the tab with the red and white portal to get to your level.If you lost the progress, then reconnect to your Facebook or King account to restore the levels.Head over to our Community if you need any further help:â€¦See more",2020-01-02 13:51:46,0
Candy Crush Soda Saga,How long ago was this? Was the game not connected to your Facebook account or a King account when you changed device?,2019-12-18 10:06:01,0
,,,
Candy Crush Soda Saga,Happy Holidays! Tell us your best Candy related jokes below! ğŸ‘‡ğŸ‘‡ğŸ¬,2019-12-10 16:58:01,363
Anna Mazzarello,"Buona sera,scusate ma sono un po arrabbiata,ho passato un livello difficile,passo a quello successivo,finisco le vite , esco dal gioco e quando rientro mi ritrovo al livello che avevo con fatica superato Ma Ã¨ possibile,chiedo spiegazioni Grazie.",2019-12-30 22:17:40,0
Ä½ubica TothovÃ¡,to koleso mi nedÃ¡ nikdy to Äo potrebujem :p,2019-12-10 19:36:47,0
,,,
Candy Crush Soda Saga,"Get your skates on, Kimmy! It's time for New Levels!  Play them now...â„â„â„",2019-12-06 18:00:01,583
Krista Juranka Chapman,"I canâ€™t access this anymore. And I still have days left on my event. Whyyyyyy do I only have 3970 levels?! ğŸ˜© I have been waiting over a month and NO new levels, app updates do NOTHING.  Please help me ğŸ˜",2019-12-13 07:29:18,0
Yvonne Morrison,"I still can't play the mini events, and no candy crush it's not my internet, so I've lost out on the events ğŸ˜©",2019-12-09 16:53:34,0
Candy Crush Soda Saga,"Kimmy's Arcade is done, for now, it only lasts for a few days, but it should be back in the future so keep making sure you have the latest game app version installed so you don't miss out o it.Have a sodaliciouse day :)",2019-12-13 10:35:45,0
,,,
Candy Crush Soda Saga,Kimmys all wrapped up and gone out to play in the snow... How many Kimmy's can you spot?!,2019-12-02 18:30:01,422
Patti Williams,6,2019-12-02 18:58:26,1
Kim Williams,6,2019-12-02 18:33:08,1
Candy Crush Soda Saga,Yes!!,2019-12-03 14:05:12,1
,,,
Candy Crush Soda Saga,"Deep down at the depths of the ocean where little can survive, you will find...NEW LEVELS: out now!! ğŸ¡ğŸ ğŸŸ",2019-11-29 18:00:00,544
Yvan Esje Goossens,I am stuck now i did the update but still this screen can some body help me thx,2019-12-12 19:13:43,1
Billie Davis Agyekum,Finished â­ï¸ğŸ’¯â­ï¸ğŸ’¯â¤ï¸â¤ï¸ğŸ‘ŒğŸ½,2019-11-29 18:13:17,4
Candy Crush Soda Saga,Congratulations!,2019-11-29 19:41:34,2
,,,
Candy Crush Soda Saga,How much do you really know about the Jelly Cake?!  Get ready to put your knowledge to the test... ğŸ°ğŸ°,2019-11-26 17:00:00,432
Billie Davis Agyekum,It works like matching two colour bombsâ¤ï¸â¤ï¸â¤ï¸ğŸ’¯I love it,2019-11-26 19:27:49,2
Kashif Fida,Perfect,2019-11-26 19:05:20,1
Candy Crush Soda Saga,It's great!,2019-11-27 14:20:31,3
,,,
Candy Crush Soda Saga,You've only got two more days to play for a chance to scoop up the Troll's Treasure!!! ğŸ¬ğŸ‘€ Make sure you grab it whilst you can ğŸ‰ğŸ˜±,2019-11-23 17:00:00,464
Mohammed Hokkani,Fantastic,2019-11-23 19:35:41,1
Johnanderson Obra,My one of my Favorites games in my FB..,2019-11-24 14:07:16,2
Candy Crush Soda Saga,Did you get any treasure?!,2019-11-25 20:23:43,1
Candy Crush Soda Saga,ğŸ¥°ğŸ¥°ğŸ¥°,2019-11-25 20:23:18,0
,,,
Candy Crush Soda Saga,"What's the one thing in the world that brings Yeti the most joy?!  NEW LEVELS, of course! ğŸ¬ğŸ¬",2019-11-22 18:00:01,615
ĞŸĞ»Ğ°Ğ¼ĞµĞ½ Ğ›ĞµĞ½ĞºĞ¾Ğ² ĞšÑ€ÑŠÑÑ‚ĞµĞ²,New levels complete 3941-3970,2019-11-23 00:09:20,3
Mireille Ammoury Maalouf,Love this game 3910 finish ğŸ‘ğŸ‘ğŸ‘is there more levels?,2019-11-28 21:56:19,0
,,,
Candy Crush Soda Saga,"Are you playing Troll's Treasure?! Remember to complete three levels before 2pm CET TOMORROW, in order to pass the access phase and be in with a chance of winning the treasure!! âœ¨âœ¨",2019-11-19 18:04:00,501
Johnanderson Obra,My one of my Favourite games in my FB.. â¤,2019-11-20 00:04:52,2
Emma Shaw,Still got issues with not updating races an saying no internet when i know i have and loads having same problem an you say your investigating it its been weeks now!!,2019-11-19 19:05:37,3
Candy Crush Soda Saga,"Aww gee, thanks! ğŸ­ğŸ­",2019-11-20 13:32:16,0
,,,
Candy Crush Soda Saga,"Bubblegum Troll has hidden his treasure... for the chance to win your share, play all NEW LEVELS now!! ğŸ¬ğŸ¬",2019-11-15 18:00:01,642
Katie Neustaedter,"To bad they stole all my progress, I was at level 2600ish, and Iâ€™ve attempted multiple times to get my levels back, followed all instructions, Iâ€™m very disappointed with customer service for this game.",2019-11-17 19:58:44,1
Billie Davis Agyekum,Just finished the last episode . I love candy crush so muchâ¤ï¸â­ï¸â¤ï¸â­ï¸,2019-11-15 20:12:44,5
Candy Crush Soda Saga,"Losing game progress can be upsetting but if you have connected the game before to either Facebook or Kingdom, I'm sure your game has been backed up :)As there are different device types, there are different tips and tricks to get you back on track. Visit our Community here: http://to.king.com/cet1 and select the device you are playing on and follow the steps.â€¦See more",2019-11-18 10:50:53,1
Candy Crush Soda Saga,We're so happy you love it!!,2019-11-20 13:30:29,0
,,,
Candy Crush Soda Saga,"It's GIVEAWAY TIME! To be in with a chance of winning, answer this... What happens when you combine the Color Bomb with the Candy Fish? ğŸ¬ğŸŸğŸ¬ Closes: 29 November, 1pm PT. T&Cs apply â¡ï¸ http://to.king.com/PBN9",2019-11-11 16:00:36,894
Linda McConnell,Lots of fish! All the same colour! And double if you have a bonus! It's great!!!,2019-11-11 22:38:06,7
Amanda Foster-Dearling,All the candies that are the same colour as the fish will turn into fish and swim and break random candies.,2019-11-11 18:45:28,2
Candy Crush Soda Saga,We love the combo!!,2019-11-20 13:32:43,0
,,,
Candy Crush Soda Saga,"New levels are here!! ğŸ If you're playing in the Soda Circuit, beat new levels before your friends for a chance to win Gold Bars ğŸ¥‡",2019-11-08 17:00:02,663
LÅ±lÃº CÃ³rdova,3266 cuando explota eso me quedo trabada,2019-11-12 09:13:02,1
Fiammetta Folly,Please add me. I'm level 2344,2019-11-09 14:25:29,1
,,,
Candy Crush Soda Saga,ğŸ Soda Circuit ğŸ  Who doesn't want to win extra Gold Bars?  Complete levels the fastest and reap the rewards! ğŸ¥‡ğŸ¥‡ Ready...set...GO!!,2019-11-06 20:00:01,591
Serpil Karaman,ğŸ¤·ğŸ¼â€â™€ï¸ğŸ¤·ğŸ¼â€â™€ï¸ğŸ¤·ğŸ¼â€â™€ï¸,2019-11-06 20:30:48,2
Lili Delio,Hola tenÃ­a 37 lingotes que no use y hoy tengo 18! Donde estan mis lingotes?,2019-11-08 00:11:33,0
,,,
Candy Crush Soda Saga,"Smash through levels with the all new Color Streak on CANDY CRUSH SAGA! Earn, Active and Smash through levels with this Tasty new booster for a limited time only!",2019-11-05 16:32:56,364
Dave Wood,levels take to long some inposable to do,2019-11-05 19:24:12,1
Alicia Dalmasso,"Sigo sin poder jugar ,la pantalla estÃ¡ negra y parece que no les importa,dicen que lo estÃ¡n solucionando,pero llevo 2 meses sin jugarğŸ¤¬ğŸ¤¬ğŸ¤¬",2019-11-05 22:02:26,0
,,,
Candy Crush Soda Saga,Happy #NationalCandyDay from us to you! How will you celebrate? ğŸ­ğŸ˜‹ğŸ¬ Make sure you keep an eye out for some Sweet surprises this Candy Day  ğŸ‘€,2019-11-04 16:13:28,475
Carmen Arndt,Tired of how only some players get stuff. Not fair!!,2019-12-15 07:07:51,0
Winnie Ho,"on 3278, plz add me ,thx",2019-11-28 19:45:48,0
,,,
Candy Crush Soda Saga,It's spooky season and how better to celebrate than with all new levels!  Play them now ğŸ‘»ğŸ¥³,2019-11-01 18:00:00,610
Ø§Ù„ÙØ±Ø·ÙˆØ³ÙŠ Ø¸Ø§Ù‡Ø± Ø§Ù„ÙØ±Ø·ÙˆØ³ÙŠ,Ø¬Ù…ÙŠÙ„,2019-12-19 13:03:51,0
SaulÄ— SaulutÄ—,JeÅ¡kau draugÅ³ Å¡iam Å¾aidimui iÅ¡ Lietuvos ğŸ˜,2019-11-02 19:35:17,0
,,,
Candy Crush Soda Saga,Happy Halloween! ğŸƒğŸ’€ğŸ˜‰ Screenshot to see which Sodalicious surprise you'll be giving today...,2019-10-31 15:00:00,716
Ginschel Tanja,Viel SchÃ¶ner wÃ¤re es wenn ich mal keinen schwarzen Bildschirm hÃ¤tte und wieder spielen kann,2019-10-31 16:18:27,0
Yvonne Morrison,"It's still saying ""I'm not connecting to the internet"" which I am, n I'm missing out on the tasks, coz I can't collect them, n I do enjoy this game, so please sort it out, thank you",2019-11-02 15:52:41,1
,,,
Candy Crush Soda Saga,There's something brewing in the caves...Could it be?!  New levels: out now!! ğŸ‘€ğŸ¬,2019-10-25 17:00:01,684
Valeria Richy Albertelli,Come si risolve questo livello della collina dei chewing-gum? Non riesco mai,2019-11-03 12:30:04,0
Shirley Delph Ferguson,Why is this happening and it all freezes,2019-11-14 02:18:35,0
,,,
Candy Crush Soda Saga,Happy Monday! Who's ready to beat those levels this week?! ğŸ‰ Reply below with the most recent level you completed! ğŸ¬âœ¨,2019-10-21 15:05:00,791
Anita Pink,Can anyone add me please? I need helpmates! Daily player in the 700s,2019-10-29 07:09:10,3
Suman Dhibar Suman Dhibar,My 1073  SUMAN DHIBAR,2019-10-26 16:11:07,1
,,,
Candy Crush Soda Saga,"To celebrate new level release day today, Kimmy's got a big bunch of Color Bomb balloons! ğŸˆğŸ™ŒğŸˆ  Play new levels: out now!!",2019-10-18 17:00:01,929
Hayam Youssef,I passed level 3789 ...But 3790 dosnt apear yet ..!!!!,2019-10-27 00:29:37,0
Andi Volpino,"I get that King is doing everything they can to minimize the amount of boosters we can earn (thanks for that by the way), but this tic-tac-toe idiocy needs to go. Not only can we only tick 2 tiles a day, but weâ€™re at the mercy of players who take 3 dayâ€¦See more",2019-10-22 16:21:43,5
,,,
Candy Crush Soda Saga,"OCTOBER GIVEAWAY TIME!ğŸ•µï¸â€â™‚ï¸  Can you tell which Sodalicious character is described?   For a chance to win 30 gold bars, let us know in the comments below.  Closes: 29 October, 1pm PT. T&Cs apply â¡ï¸ http://to.king.com/PBN9",2019-10-15 15:00:02,334
Alicia Dalmasso,"SerÃ­a bueno, que yo pudiera jugar en la PC,la pantalla se pone negra y no se puede jugar ğŸ˜¡",2019-10-15 15:24:36,0
Joanna Trujillo,He is genie jelly beanie!,2019-10-22 22:57:12,0
,,,
Candy Crush Soda Saga,Looks like it's not just the leaves falling from the trees this Autumn... New levels: play them now!!  ğŸ¬ğŸƒ,2019-10-11 17:00:02,800
Lee Jones,I had to start the whole game over again...But my score on level 52 is amazing,2019-10-16 23:49:18,0
Kristy Knapp Secord,"messing with the game again....  it won't let me play - tells me to check the video card and when I try to find it...  I'm going in circles.  played candy crush saga - said I needed to update my flash player, which does update automatically.  Luckily I knew how to get around that, but nothing here and no help with FAQ - it won't even show the page.  Not nice",2019-10-14 17:37:20,1
,,,
Candy Crush Soda Saga,Kimmy's gone fishing...for compliments! Tag a friend and give them a Sweet compliment today ğŸ¬ğŸ£,2019-10-07 17:00:01,347
Deborah Holt,Not a fair game i know your little tricks to play you trick ppl into watching long asz videos for no progress I'm done warning people,2019-10-15 07:22:29,0
Alejandro Davila,Se me daÃ±Ã³ la memoria SD y se borrÃ³ el juego. Hasta aquÃ­ me trajo el rÃ­o. No pienso comenzar de 0 de nuevo porque es perder el tiempo. Un aÃ±o y unos meses para llegar al nivel 2045. No lo juego mÃ¡s,2019-10-08 20:31:54,0
,,,
Candy Crush Soda Saga,Tap your heels together three times and follow the New Level road.  Out now!! ğŸ¬âœ¨,2019-10-04 17:00:01,440
Mam Ina,Ras le bol des lingots qui disparaissent.... J'en suis Ã  au moins 40... Ã‡a devient une vraie arnaque,2019-10-06 14:12:57,0
Heike Manietta,"Man kann nicht spielen der Bildschirm ist schon seid drei Wochen schwarz ,komme natÃ¼rlich deshalb nicht weiterğŸ˜­ğŸ˜­",2019-10-07 02:29:11,0
,,,
Candy Crush Soda Saga,From Candy Bear to real-life gummy bear ğŸ»ğŸ¬ That's some Monday Motivation if we ever saw it!,2019-09-30 15:00:01,579
Stephanie Lerro,"I did something wrong while playing the Candy Crush Soda Saga game; and I was on a high level, level #523.  I totally lost my whole status, I had to start from the very beginning again of the game and now Iâ€™m not able to retrieve her get back to where â€¦See more",2019-10-07 10:58:42,0
Steffi Falbo,ScheiÃŸ spiel saga soda und drecks Krone alles Betrug ich lÃ¶sche diese spiele aus Facebook ğŸ¦ğŸ¦zum kotzen,2019-09-30 19:56:22,0
Candy Crush Soda Saga,"Losing game progress can be upsetting but if you have connected the game before to either Facebook or Kingdom, I'm sure your game has been backed up :)As there are different device types, there are different tips and tricks to get you back on track. Visit our Community here: http://to.king.com/cet1 and select the device you are playing on and follow the steps.â€¦See more",2019-10-07 11:10:09,0
,,,
Candy Crush Soda Saga,Ever wonder where new levels are made? They come from the ancient mountains and Mr. Toffee has to climb them every week to retrieve them for you to play! â›° ğŸ¬ Out now!,2019-09-27 17:00:08,621
Kimberly Pierce-Evans,Okay!!!! My Facebook was hacked and now I am starting over on candy crush soda and saga. I was in level 1648 and 1721.  I have tried everything.  Help please!!,2019-11-23 20:39:19,0
Biktorya Vecce,Hola en mi familia jugamos todos. Y vamos todos casi por los mismos niveles. Pero yo soy la Ãºnica q no tiene una especie de desafÃ­os aparte en el que hay q formar lÃ­neas.por los cuales se ganan boosters.. alguien q me explique...tengo el juego actualizado y todo...espero respuesta..gracias,2019-10-09 03:58:06,0
,,,
Candy Crush Soda Saga,Which booster would you rather? The Double Delish Fish ğŸŸ or The Free Switch?,2019-09-25 16:00:01,856
Peggy I. Gibson,I like the fish.   I have internet but Candy Crush Soda says I donâ€™t have internet.,2019-09-28 23:46:26,0
Angelique Choquet,"Ã§a n'a pas d'importance, comme l'Ã©cran  est noir et ne peut pas jouer, je n'ai pas pu jouer depuis des semaines merci",2019-09-25 16:18:05,0
,,,
Candy Crush Soda Saga,Friday made better by new levels!! Just beware of the swamp monster!! ğŸ˜±ğŸ™,2019-09-20 17:00:01,681
Deborah Holt,9-24-19 I got nothing to say. Its ridiculous CCSS just ridiculous,2019-09-24 22:54:06,0
Bryan Paul,Anyone else having issues with the game locking up when you make your first move on Gameroom ???? Started tonight. Really sucks !!! Can we fix it please ???? Thanks !!!!,2019-09-27 09:37:43,1
Candy Crush Soda Saga,We don't support Facebook game room so try through the browser instead and see if that helps.,2019-09-27 12:43:04,0
,,,
Candy Crush Soda Saga,"Can you name this Sodalicious character?! ğŸ¤”ğŸ¬ For a chance to win 30 Gold Bars, enter your answer below! Closes: 29th September, 1pm PT. T&Cs apply â¡ï¸ http://to.king.com/PBN9",2019-09-16 16:37:38,384
Laurie Moore Sellick,Candy Crush Soda I didn't get notifications about this or any other chances to win gold bars or anything for that matter. Do you have to check in daily here on this portal? Let me know okay. Thank you! Have a nice day!,2019-10-03 18:29:09,0
Maria Torre,Porque no puedo poner mas este juego  como debo hacer para que lo vuelvan a poner. Es el que mas me gusta,2019-09-26 20:50:34,0
,,,
Candy Crush Soda Saga,Fun fact: the deepest part of the ocean is around 11km deep! ğŸ˜§ Another fun fact: New Levels are OUT NOW! ğŸ ,2019-09-13 17:00:02,713
Lili Diaz,"ALGUIEN ME PUEDE INFORMAR POR QUE SE PONE NEGRA LA PANTALLA AL EMPEZAR EL JUEGO'? NO PUEDO JUGAR YO TAMPÃ“CO,INFORMAR POR FAVOR, GRACIAS",2019-09-25 01:55:16,0
Lili Diaz,buenicimo cuando aprenda ingles me enterare muchas gracias,2019-09-25 01:56:50,0
,,,
